{"polyfill":["/polyfill-0055b9e7b60d485274c1.js"],"app":["/app-7af0fc57a8a4ce24e3f6.js"],"component---src-pages-404-jsx":["/component---src-pages-404-jsx-e77790c1d592221a162e.js"],"component---src-pages-about-jsx":["/component---src-pages-about-jsx-6c50cb2d9c5b5ae2e399.js"],"component---src-pages-component-testing-jsx":["/component---src-pages-component-testing-jsx-d4ac36964d5e679c712c.js"],"component---src-pages-dev-404-page-jsx":["/component---src-pages-dev-404-page-jsx-051eb8b93ed09d8753ed.js"],"component---src-pages-index-jsx":["/component---src-pages-index-jsx-c5a3c64124a0000c6917.js"],"component---src-pages-sponsors-jsx":["/component---src-pages-sponsors-jsx-f76740df0b885b2c9adb.js"],"component---src-pages-team-jsx":["/component---src-pages-team-jsx-7238aa57fd8469c097e9.js"],"component---src-pages-team-team-bios-jsx":["/component---src-pages-team-team-bios-jsx-1cc531874d6204abe20b.js"],"component---src-template-video-page-template-jsx":["/component---src-template-video-page-template-jsx-ef08865da2e395bae63d.js"]}