{"namedChunkGroups":{"polyfill":{"name":"polyfill","assets":[{"name":"webpack-runtime-e191bd041b11e53e1862.js","size":5558},{"name":"polyfill-0055b9e7b60d485274c1.js","size":84311}],"filteredAssets":0,"assetsSize":89869,"filteredAuxiliaryAssets":2,"auxiliaryAssetsSize":226552},"app":{"name":"app","assets":[{"name":"webpack-runtime-e191bd041b11e53e1862.js","size":5558},{"name":"styles.439c5202039ce6ff626f.css","size":36273},{"name":"framework-c9488467cdf6f0d0f1e5.js","size":129913},{"name":"29107295-a14b91ce7ff7e7da5103.js","size":71104},{"name":"app-7af0fc57a8a4ce24e3f6.js","size":327035}],"filteredAssets":0,"assetsSize":569883,"filteredAuxiliaryAssets":5,"auxiliaryAssetsSize":2656816},"component---src-pages-404-jsx":{"name":"component---src-pages-404-jsx","assets":[{"name":"component---src-pages-404-jsx-e77790c1d592221a162e.js","size":776}],"filteredAssets":0,"assetsSize":776,"filteredAuxiliaryAssets":1,"auxiliaryAssetsSize":1400},"component---src-pages-about-jsx":{"name":"component---src-pages-about-jsx","assets":[{"name":"05ca5638f786e144e666ffdaf7f3d78dacd48719-64bf0c2b74fba8c1fa9d.js","size":9107},{"name":"component---src-pages-about-jsx-6c50cb2d9c5b5ae2e399.js","size":8482}],"filteredAssets":0,"assetsSize":17589,"filteredAuxiliaryAssets":2,"auxiliaryAssetsSize":68391},"component---src-pages-component-testing-jsx":{"name":"component---src-pages-component-testing-jsx","assets":[{"name":"styles.439c5202039ce6ff626f.css","size":36273},{"name":"component---src-pages-component-testing-jsx-d4ac36964d5e679c712c.js","size":2700}],"filteredAssets":0,"assetsSize":38973,"filteredAuxiliaryAssets":2,"auxiliaryAssetsSize":51763},"component---src-pages-dev-404-page-jsx":{"name":"component---src-pages-dev-404-page-jsx","assets":[{"name":"component---src-pages-dev-404-page-jsx-051eb8b93ed09d8753ed.js","size":775}],"filteredAssets":0,"assetsSize":775,"filteredAuxiliaryAssets":1,"auxiliaryAssetsSize":1384},"component---src-pages-index-jsx":{"name":"component---src-pages-index-jsx","assets":[{"name":"05ca5638f786e144e666ffdaf7f3d78dacd48719-64bf0c2b74fba8c1fa9d.js","size":9107},{"name":"component---src-pages-index-jsx-350a8ccc6f69b63bd375.js","size":37503}],"filteredAssets":0,"assetsSize":46610,"filteredAuxiliaryAssets":6,"auxiliaryAssetsSize":365112},"component---src-pages-sponsors-jsx":{"name":"component---src-pages-sponsors-jsx","assets":[{"name":"05ca5638f786e144e666ffdaf7f3d78dacd48719-64bf0c2b74fba8c1fa9d.js","size":9107},{"name":"component---src-pages-sponsors-jsx-f76740df0b885b2c9adb.js","size":23982}],"filteredAssets":0,"assetsSize":33089,"filteredAuxiliaryAssets":6,"auxiliaryAssetsSize":323840},"component---src-pages-team-jsx":{"name":"component---src-pages-team-jsx","assets":[{"name":"05ca5638f786e144e666ffdaf7f3d78dacd48719-64bf0c2b74fba8c1fa9d.js","size":9107},{"name":"component---src-pages-team-jsx-7238aa57fd8469c097e9.js","size":25222}],"filteredAssets":0,"assetsSize":34329,"filteredAuxiliaryAssets":2,"auxiliaryAssetsSize":91212},"component---src-pages-team-team-bios-jsx":{"name":"component---src-pages-team-team-bios-jsx","assets":[{"name":"05ca5638f786e144e666ffdaf7f3d78dacd48719-64bf0c2b74fba8c1fa9d.js","size":9107},{"name":"component---src-pages-team-team-bios-jsx-1cc531874d6204abe20b.js","size":4730}],"filteredAssets":0,"assetsSize":13837,"filteredAuxiliaryAssets":5,"auxiliaryAssetsSize":231661},"component---src-template-video-page-template-jsx":{"name":"component---src-template-video-page-template-jsx","assets":[{"name":"styles.439c5202039ce6ff626f.css","size":36273},{"name":"component---src-template-video-page-template-jsx-ef08865da2e395bae63d.js","size":10178}],"filteredAssets":0,"assetsSize":46451,"filteredAuxiliaryAssets":2,"auxiliaryAssetsSize":78922}},"assetsByChunkName":{"polyfill":["webpack-runtime-e191bd041b11e53e1862.js","polyfill-0055b9e7b60d485274c1.js"],"app":["webpack-runtime-e191bd041b11e53e1862.js","styles.439c5202039ce6ff626f.css","framework-c9488467cdf6f0d0f1e5.js","29107295-a14b91ce7ff7e7da5103.js","app-7af0fc57a8a4ce24e3f6.js"],"component---src-pages-404-jsx":["component---src-pages-404-jsx-e77790c1d592221a162e.js"],"component---src-pages-about-jsx":["05ca5638f786e144e666ffdaf7f3d78dacd48719-64bf0c2b74fba8c1fa9d.js","component---src-pages-about-jsx-6c50cb2d9c5b5ae2e399.js"],"component---src-pages-component-testing-jsx":["styles.439c5202039ce6ff626f.css","component---src-pages-component-testing-jsx-d4ac36964d5e679c712c.js"],"component---src-pages-dev-404-page-jsx":["component---src-pages-dev-404-page-jsx-051eb8b93ed09d8753ed.js"],"component---src-pages-index-jsx":["05ca5638f786e144e666ffdaf7f3d78dacd48719-64bf0c2b74fba8c1fa9d.js","component---src-pages-index-jsx-350a8ccc6f69b63bd375.js"],"component---src-pages-sponsors-jsx":["05ca5638f786e144e666ffdaf7f3d78dacd48719-64bf0c2b74fba8c1fa9d.js","component---src-pages-sponsors-jsx-f76740df0b885b2c9adb.js"],"component---src-pages-team-jsx":["05ca5638f786e144e666ffdaf7f3d78dacd48719-64bf0c2b74fba8c1fa9d.js","component---src-pages-team-jsx-7238aa57fd8469c097e9.js"],"component---src-pages-team-team-bios-jsx":["05ca5638f786e144e666ffdaf7f3d78dacd48719-64bf0c2b74fba8c1fa9d.js","component---src-pages-team-team-bios-jsx-1cc531874d6204abe20b.js"],"component---src-template-video-page-template-jsx":["styles.439c5202039ce6ff626f.css","component---src-template-video-page-template-jsx-ef08865da2e395bae63d.js"]},"childAssetsByChunkName":{}}